ANIO,CDMX_ECO_ACT,CDMX_ECO_NOACT,EDOMEX_ECO_ACT,EDOMEX_ECO_NOACT,PRECIP_CDMX,PRECIP_EDOMEX,TEMP_CDMX,TEMP_EDOMEX
2000,"3,625,363","2,986,038","4,524,229","4,511,100",23.11666667,22.2,15.8,14
2010,"3,821,655","193,497","5,809,330","310,223",58.15833333,67.475,17.2,14.2
2020,"5,082,152","2,770,430","8,522,151","5,138,894",39.15,63.23333333,18.3,15.1

